id,olng,olat,dlng,dlat,Ts,OnD,Tr,Cep,Tp,Td,WT,VT,D
115,0.0955,51.389147,0.0701386,51.4221258,397.9,True,1808.0752024949743,1808.0752024949743,2375.9,2774.5,567.8247975050258,398.5999999999999,1.0017592359889418
116,0.068863,51.363587,0.089119,51.373289,335.1,True,1822.361119019828,1822.361119019828,2336.6,2666.5,514.2388809801719,329.9000000000001,0.9844822441062372
117,0.123185,51.394803,0.089119,51.373289,548.4,True,1823.326251616391,1823.326251616391,2406.6,2975.4,583.273748383609,568.8000000000002,1.0371991247264774
118,0.069946,51.389157,0.0629431,51.4202616,486.1,True,1869.073221537995,1869.073221537995,2012.8,2498.8,143.72677846200486,486.0000000000002,0.9997942810121379
119,0.091883,51.362203,0.089119,51.373289,203,True,1877.7340529350033,1877.7340529350033,2380.8,2585.4,503.06594706499686,204.5999999999999,1.0078817733990144
120,0.056691,51.3718,0.089119,51.373289,363.7,True,1878.4901840644854,1878.4901840644854,2357.6,2726.4,479.10981593551446,368.8000000000002,1.014022546054441
121,0.076555,51.406781,0.089119,51.373289,607.9,True,1923.691379753204,1923.691379753204,2251.2,2859.3,327.5086202467958,608.1000000000004,1.0003290014805073
122,0.116155,51.377148,0.0630004,51.4203747,599.3,True,1961.2980469778727,1961.2980469778727,2335.0,2937,373.7019530221273,602.0,1.0045052561321544
123,0.057371,51.405655,0.0321735,51.3928665,340.9,True,1965.1949194547456,1965.1949194547456,2459.6,2800.5,494.40508054525435,340.9000000000001,1.0000000000000004
124,0.120926,51.389574,0.0951578,51.3625097,534.6,True,1979.7548839197734,1979.7548839197734,2456.6,3178.0,476.8451160802265,721.4000000000001,1.3494201271979052
125,0.082756,51.374752,0.0631218,51.3735545,194,True,2018.8871450274119,2018.8871450274119,2182.5,2376.5,163.61285497258814,194.0,1.0
126,0.024146,51.332292,0.089119,51.373289,798.9,True,2029.4284522405935,2029.4284522405935,2201.6,2998.8,172.1715477594064,797.2000000000003,0.9978720741018905
127,0.125886,51.393301,0.089119,51.373289,567.8,True,2063.4334328222894,2063.4334328222894,2551.7,3119.4,488.2665671777104,567.7000000000003,0.9998238816484684
128,0.0955,51.389147,0.0701386,51.4221258,397.9,True,2074.5187380591983,2074.5187380591983,2584.5,2982.6,509.9812619408017,398.0999999999999,1.0005026388539833
129,0.098184,51.365638,0.089119,51.373289,184.5,True,2100.448095244984,2100.448095244984,2254.8,2439.3,154.35190475501622,184.5,1.0
130,0.048613,51.374876,0.0643255,51.3653021,301.5,True,2118.9933383312637,2118.9933383312637,2509.8,2811.3,390.8066616687365,301.5,1.0
131,0.055912,51.383751,0.089119,51.373289,579.1,True,2123.5165821299393,2123.5165821299393,2687.9,3272.7,564.3834178700608,584.7999999999997,1.0098428596097386
132,0.023236,51.306944,0.089119,51.373289,1095.2,True,2191.811000810698,2191.811000810698,2746.3,4179.0,554.4889991893024,1432.6999999999998,1.3081628926223519
133,0.015889,51.372543,0.089119,51.373289,596.6,True,2223.3276880082426,2223.3276880082426,2821.7,3415.1,598.3723119917572,593.4000000000001,0.9946362722091855
134,0.101425,51.385928,0.089119,51.373289,435.9,True,2238.427437057287,2238.427437057287,2571.3,3007.2,332.8725629427131,435.89999999999964,0.9999999999999992
135,0.071374,51.393462,0.0919326,51.4176149,497.7,True,2269.692800994734,2269.692800994734,2683.2,3176.0,413.50719900526565,492.8000000000002,0.9901547116736994
136,0.101423,51.379012,0.089119,51.373289,259.9,True,2282.132708610904,2282.132708610904,2467.2,2727.0,185.06729138909577,259.8000000000002,0.9996152366294737
137,0.023236,51.306944,0.089119,51.373289,1095.2,True,2308.3162086581806,2308.3162086581806,2521.4,4380.4,213.0837913418195,1858.9999999999995,1.6974068663257849
138,0.103536,51.386878,0.1154182,51.3749172,271.7,True,2316.241852485937,2316.241852485937,2571.8,2878.0,255.55814751406297,306.1999999999998,1.126978284873021
139,0.081401,51.388653,0.0675172,51.3832604,222.4,True,2316.3309877251468,2316.3309877251468,2871.7999999999997,3094.8,555.469012274853,223.00000000000045,1.0026978417266208
140,0.089034,51.387287,0.089119,51.373289,320.9,True,2358.1879636408676,2358.1879636408676,2400.2,2721.1,42.01203635913225,320.9000000000001,1.0000000000000004
141,0.056011,51.404527,0.089119,51.373289,691.8,True,2372.3737761086136,2372.3737761086136,2857.9,3774.0,485.5262238913865,916.0999999999999,1.3242266551026307
142,0.096314,51.39543,0.089119,51.373289,507.7,True,2393.4910581400122,2393.4910581400122,2847.7,3518.7,454.2089418599876,671.0,1.3216466417175499
143,0.069226,51.42336,0.0565377,51.4114628,316.6,True,2396.309719514461,2396.309719514461,2893.6,3207.0,497.2902804855389,313.4000000000001,0.9898926089703097
144,0.09865,51.363574,0.089119,51.373289,203.6,True,2405.181060099919,2405.181060099919,2763.0,2966.6,357.8189399000812,203.5999999999999,0.9999999999999996
145,0.045282,51.38632,0.089119,51.373289,618.3,True,2405.403880064672,2405.403880064672,2588.9,3424.5,183.4961199353279,835.5999999999999,1.351447517386382
146,0.099062,51.40822,0.089119,51.373289,554.9,True,2439.8191723326154,2439.8191723326154,2859.8,3439.5,419.9808276673848,579.6999999999998,1.0446927374301673
147,0.103234,51.384592,0.1179406,51.4160227,506.3,True,2457.8193466891257,2457.8193466891257,2851.4,3356.2,393.58065331087437,504.7999999999997,0.9970373296464541
148,0.122311,51.375208,0.096929,51.3752145,316.4,True,2460.2956146229867,2460.2956146229867,3020.9,3341.2,560.6043853770134,320.2999999999997,1.0123261694058145
149,0.107453,51.361522,0.089119,51.373289,321.8,True,2489.8065756896326,2489.8065756896326,2789.3,3111.1,299.4934243103676,321.7999999999997,0.9999999999999991
150,0.058689,51.382749,0.041579,51.398801,400.9,True,2499.7775407124022,2499.7775407124022,3044.1,3446.4,544.3224592875977,402.3000000000002,1.003492142678973
151,0.055622,51.383648,0.0796962,51.3814813,316.3,True,2520.2308370677893,2520.2308370677893,2689.9,3006.2,169.66916293221084,316.2999999999997,0.9999999999999991
152,0.087374,51.372508,0.089119,51.373289,94,True,2537.531188991539,2537.531188991539,3064.6,3158.6,527.0688110084611,94.0,1.0
153,0.088415,51.365811,0.1070522,51.3758038,341.4,True,2586.8388809750395,2586.8388809750395,2902.6,3244.0,315.7611190249604,341.4000000000001,1.0000000000000002
154,0.125097,51.394931,0.0749691,51.411762,461.6,True,2626.803053724524,2626.803053724524,3001.8,3459.7,374.99694627547615,457.89999999999964,0.9919844020797218
155,0.0176,51.30262,0.0249756,51.3156032,249.2,True,2647.2877023185,2647.2877023185,2856.8,3106.0,209.51229768150006,249.19999999999982,0.9999999999999993
156,0.110431,51.359106,0.089119,51.373289,340.7,True,2652.9201069390697,2652.9201069390697,3035.3,3374.9,382.3798930609305,339.5999999999999,0.9967713530965656
157,0.099057,51.375903,0.091331,51.3606558,243.2,True,2662.068519373328,2662.068519373328,2805.1,3048.3,143.03148062667196,243.20000000000027,1.000000000000001
158,0.028957,51.312195,0.0446779,51.31609,263.9,True,2671.140963739901,2671.140963739901,3025.9,3289.8,354.75903626009904,263.9000000000001,1.0000000000000004
159,0.024146,51.332292,0.089119,51.373289,798.9,True,2691.3533950060423,2691.3533950060423,-1.0,-1.0,-1,-1,0.0
160,0.027069,51.305055,0.0445507,51.3161061,366.9,True,2708.7749924936124,2708.7749924936124,2890.7,3257.6,181.92500750638737,366.9000000000001,1.0000000000000002
161,0.116473,51.377717,0.089119,51.373289,360.1,True,2711.8434515096546,2711.8434515096546,2821.4,3196.0,109.55654849034545,374.5999999999999,1.0402665926131627
162,0.120259,51.367109,0.089119,51.373289,336.1,True,2715.755750341809,2715.755750341809,3276.1,3613.1,560.3442496581911,337.0,1.0026777744718833
163,0.116298,51.377198,0.0628724,51.4202717,624.1,True,2762.1540575656354,2762.1540575656354,3192.6,3816.7,430.4459424343645,624.0999999999999,0.9999999999999998
164,0.042382,51.305404,0.0416954,51.3145771,186.6,True,2835.6038791247474,2835.6038791247474,-1.0,-1.0,-1,-1,0.0
165,0.071365,51.372508,0.0844009,51.3799277,247.2,True,2860.408839628657,2860.408839628657,3373.8,3621.0,513.3911603713432,247.19999999999982,0.9999999999999993
166,0.069946,51.389157,0.0629431,51.4202616,486.1,True,2882.0361741785773,2882.0361741785773,3360.5,3848.6,478.4638258214227,488.0999999999999,1.0041143797572514
167,0.103536,51.386878,0.1154182,51.3749172,271.7,True,2892.464192290054,2892.464192290054,3370.9,3642.7,478.43580770994595,271.7999999999997,1.000368052999631
168,0.096185,51.388034,0.1244413,51.3725376,405.4,True,2933.248652355726,2933.248652355726,3377.0,3783.9,443.7513476442741,406.9000000000001,1.0037000493339914
169,0.038075,51.309089,0.0249962,51.3155063,142.9,True,2941.262346698848,2941.262346698848,3505.4,3649.0,564.1376533011521,143.5999999999999,1.004898530440867
170,0.075172,51.411637,0.1251786,51.3964501,493.6,True,2948.0371945945008,2948.0371945945008,3044.8,3690.0,96.76280540549942,645.1999999999998,1.3071312803889785
171,0.09274,51.406052,0.1020436,51.4261216,310.2,True,2992.343744886741,2992.343744886741,3494.3,3804.9,501.956255113259,310.5999999999999,1.0012894906511924
172,0.079509,51.379233,0.0669127,51.385802,210.3,True,3032.708456353525,3032.708456353525,3329.4,3539.7,296.6915436464751,210.29999999999973,0.9999999999999987
173,0.089034,51.387287,0.089119,51.373289,320.9,True,3064.0459897190017,3064.0459897190017,3118.6,3439.5,54.55401028099823,320.9000000000001,1.0000000000000004
174,0.069412,51.424397,0.0570806,51.395377,449.9,True,3082.9241879363653,3082.9241879363653,3506.2999999999997,3956.2,423.3758120636344,449.9000000000001,1.0000000000000002
175,0.096041,51.392892,0.089119,51.373289,449.2,True,3084.7972251884335,3084.7972251884335,3666,4216.0,581.2027748115665,550.0,1.2243989314336599
176,0.10361,51.381528,0.089119,51.373289,297.7,True,3088.311959842023,3088.311959842023,3221.3,3518.7,132.98804015797714,297.39999999999964,0.9989922741014432
177,0.096041,51.392892,0.089119,51.373289,449.2,True,3184.250284028295,3184.250284028295,3664.6,4257.0,480.3497159717049,592.4000000000001,1.3187889581478185
178,0.054464,51.4113,0.089119,51.373289,686.2,True,3188.76155154635,3188.76155154635,3590.4,4287.8,401.6384484536502,697.4000000000001,1.0163217720781115
179,0.099487,51.378758,0.089119,51.373289,194.5,True,3191.7922100546866,3191.7922100546866,3589.4,3784.1,397.60778994531347,194.69999999999982,1.0010282776349606
180,0.021126,51.30551,0.089119,51.373289,1114.4,True,3213.2414947860634,3213.2414947860634,3802.7,5236.8,589.4585052139364,1434.1000000000004,1.2868808327351042
181,0.114147,51.387143,0.0553603,51.3659922,605.2,True,3254.1945652074755,3254.1945652074755,3438.3,4043.5,184.10543479252465,605.1999999999998,0.9999999999999997
182,0.083584,51.362733,0.089119,51.373289,243.7,True,3256.477728930504,3256.477728930504,3638.1,3917.4,381.62227106949604,279.3000000000002,1.146081247435372
183,0.070814,51.386112,0.089119,51.373289,388.8,True,3256.976969787016,3256.976969787016,3385.6,3774.0,128.62303021298385,388.4000000000001,0.9989711934156381
184,0.097232,51.361763,0.089119,51.373289,288.2,True,3258.6730335248485,3258.6730335248485,3436.0,3724.2,177.3269664751515,288.1999999999998,0.9999999999999994
185,0.057275,51.395279,0.1059909,51.3698259,639.7,True,3271.641197939208,3271.641197939208,3660.4,4299.6,388.7588020607923,639.2000000000003,0.999218383617321
186,0.119428,51.381792,0.0525647,51.3391585,844.9,True,3277.367536963697,3277.367536963697,3776.0,5017.2,498.63246303630285,1241.1999999999998,1.4690495916676527
187,0.089086,51.387357,0.089119,51.373289,322.1,True,3308.743582988783,3308.743582988783,3766.8,4089.1,458.05641701121704,322.2999999999997,1.000620925178515
188,0.121565,51.371586,0.0996774,51.3768704,322.9,True,3333.9405361767986,3333.9405361767986,3724.9,4048.8,390.95946382320153,323.9000000000001,1.0030969340353053
189,0.062292,51.398386,0.089119,51.373289,667.8,True,3342.4683422781964,3342.4683422781964,3758.8,4509.1,416.3316577218038,750.3000000000002,1.1235399820305485
190,0.078578,51.37164,0.0735361,51.4077561,534.8,True,3350.0820446011912,3350.0820446011912,3541.8,4076.6,191.71795539880895,534.7999999999997,0.9999999999999996
191,0.110431,51.359106,0.089119,51.373289,340.7,True,3356.88740608694,3356.88740608694,3668.3,4009.0,311.4125939130604,340.6999999999998,0.9999999999999994
192,0.06353,51.369069,0.089119,51.373289,313.1,True,3363.071174016533,3363.071174016533,3868.0,4179.0,504.92882598346705,311.0,0.9932928776748642
193,0.109315,51.363289,0.089119,51.373289,298.2,True,3398.5528019524127,3398.5528019524127,3881.5,4179.7,482.94719804758734,298.1999999999998,0.9999999999999994
194,0.103676,51.386912,0.1178582,51.3727332,349.7,True,3436.124206789169,3436.124206789169,3831.2,4181.5,395.07579321083085,350.3000000000002,1.0017157563625971
195,0.089883,51.405419,0.089119,51.373289,525.2,True,3450.3969960449513,3450.3969960449513,3999.2,4739.8,548.8030039550486,740.6000000000004,1.4101294744859107
196,0.07818,51.383924,0.089119,51.373289,293.9,True,3451.573016227196,3451.573016227196,3480.1,3774.0,28.52698377280376,293.9000000000001,1.0000000000000004
197,0.12008,51.395072,0.1141738,51.3871098,220.2,True,3467.242729894923,3467.242729894923,3921.0,4142.3,453.75727010507717,221.30000000000018,1.0049954586739336
198,0.071453,51.372468,0.0843692,51.3798722,246.7,True,3476.544573731021,3476.544573731021,3694.1,3940.8,217.55542626897886,246.70000000000027,1.000000000000001
199,0.103234,51.384592,0.1179406,51.4160227,506.3,True,3499.347432303929,3499.347432303929,3826.1,4333.3,326.75256769607086,507.2000000000003,1.0017776022121276
200,0.09534,51.363739,0.089119,51.373289,219.5,True,3513.5718252595398,3513.5718252595398,4100.6,4380.4,587.0281747404606,279.7999999999993,1.2747152619589943
201,0.045282,51.38632,0.089119,51.373289,618.3,True,3517.918127712222,3517.918127712222,3813.6,4433.3,295.6818722877779,619.7000000000003,1.0022642730066316
202,0.081027,51.383307,0.089119,51.373289,314.1,True,3543.404996484543,3543.404996484543,3841.1,4155.2,297.69500351545685,314.0999999999999,0.9999999999999997
203,0.075172,51.411637,0.1251786,51.3964501,493.6,True,3554.912136877662,3554.912136877662,3713.4,4412.6,158.48786312233824,699.2000000000003,1.416531604538088
204,0.033938,51.311015,0.089119,51.373289,1007.8,True,3555.170381131966,3555.170381131966,4134.6,5236.8,579.4296188680341,1102.1999999999998,1.0936693788450087
205,0.015889,51.372543,0.089119,51.373289,596.6,True,3585.807838617929,3585.807838617929,4171.7,4922.4,585.8921613820708,750.6999999999998,1.258297016426416
206,0.122312,51.37633,0.089119,51.373289,419,True,3611.16759948935,3611.16759948935,3749.9,4168.9,138.73240051065022,418.99999999999955,0.9999999999999989
207,0.116346,51.383359,0.089119,51.373289,395.5,True,3633.4304206596203,3633.4304206596203,3933.0,4328.7,299.56957934037973,395.6999999999998,1.0005056890012638
208,0.098932,51.405535,0.1018641,51.3788159,392.4,True,3637.9264833223438,3637.9264833223438,4230.7,4625.2,592.7735166776561,394.5,1.0053516819571866
209,0.078346,51.377187,0.089119,51.373289,224.2,True,3638.5618419063244,3638.5618419063244,3986.2,4216.0,347.63815809367543,229.80000000000018,1.0249776984834977
210,0.024458,51.313874,0.089119,51.373289,994.3,True,3640.332651974832,3640.332651974832,3915.9,5367.8,275.56734802516803,1451.9,1.4602232726541287
211,0.08361,51.36273,0.089119,51.373289,243.5,True,3644.2951971042385,3644.2951971042385,3673.9,3917.4,29.604802895761622,243.5,1.0
212,0.077251,51.389086,0.0796134,51.3814864,116.1,True,3645.3567584513353,3645.3567584513353,3868.4,3984.5,223.0432415486648,116.09999999999991,0.9999999999999992
213,0.123185,51.394803,0.089119,51.373289,548.4,True,3757.89728080628,3757.89728080628,4260.2,4822.5,502.3027191937199,562.3000000000002,1.0253464624361783
214,0.096117,51.392913,0.0951387,51.3625382,493.9,True,3757.9018395547323,3757.9018395547323,4177.1,4669.5,419.19816044526806,492.39999999999964,0.9969629479651745
215,0.102946,51.388069,0.0640652,51.3652709,513.2,True,3806.645894515463,3806.645894515463,3938.7,4557.7,132.05410548453665,619.0,1.2061574434918159
216,0.021126,51.30551,0.089119,51.373289,1114.4,True,3840.3750482388505,3840.3750482388505,3939.8,5236.8,99.42495176114971,1297.0,1.1638549892318735
217,0.116346,51.383359,0.089119,51.373289,395.5,True,3865.2797589630304,3865.2797589630304,3933.0,4328.7,67.72024103696958,395.6999999999998,1.0005056890012638
218,0.0955,51.389147,0.0701386,51.4221258,397.9,True,3880.207382196838,3880.207382196838,4304.3,4788.3,424.0926178031623,484.0,1.2163860266398594
219,0.089034,51.387287,0.089119,51.373289,320.9,True,3901.4751948704,3901.4751948704,3967.8,4287.8,66.32480512960001,320.0,0.9971953879713307
220,0.103234,51.384592,0.1179406,51.4160227,506.3,True,3937.1289537366847,3937.1289537366847,4503.8,5036.5,566.6710462633155,532.6999999999998,1.0521429982223973
221,0.11801,51.395928,0.077929,51.4086564,355.8,True,3942.8647906913284,3942.8647906913284,4319.3,4675.3,376.4352093086718,356.0,1.0005621135469365
222,0.12821,51.418646,0.1228166,51.412511,181,True,3945.1240511333062,3945.1240511333062,4500.0,4743.9,554.8759488666938,243.89999999999964,1.3475138121546941
223,0.0626,51.384908,0.089119,51.373289,484.7,True,3971.62486239079,3971.62486239079,4252.8,4861.2,281.1751376092102,608.3999999999996,1.2552094078811629
224,0.108925,51.362853,0.0449989,51.3823896,732.5,True,3994.0334884825916,3994.0334884825916,4363.6,5286.9,369.5665115174088,923.2999999999993,1.2604778156996577
225,0.097785,51.38743,0.0720807,51.406308,371,True,3997.7034852248935,3997.7034852248935,4368.7,4739.0,370.99651477510633,370.3000000000002,0.9981132075471703
226,0.067069,51.385835,0.089119,51.373289,419.3,True,4014.7670881943372,4014.7670881943372,4090.1,4509.1,75.33291180566266,419.00000000000045,0.9992845218220855
227,0.091883,51.362203,0.089119,51.373289,203,True,4026.76464129796,4026.76464129796,4177.2,4380.4,150.4353587020396,203.19999999999982,1.000985221674876
228,0.064314,51.361332,0.089119,51.373289,300.8,True,4045.2259544836475,4045.2259544836475,4225.8,4526.6,180.57404551635273,300.8000000000002,1.0000000000000007
229,0.116473,51.377717,0.089119,51.373289,360.1,True,4050.041222768291,4050.041222768291,4326.6,4687.0,276.5587772317094,360.39999999999964,1.0008331019161334
230,0.099062,51.40822,0.089119,51.373289,554.9,True,4061.5212322139187,4061.5212322139187,4184.6,4739.8,123.0787677860817,555.1999999999998,1.000540637952784
231,0.085006,51.38967,0.0757915,51.3895146,107.6,True,4067.6133539638827,4067.6133539638827,4520.4,4628.1,452.78664603611696,107.70000000000073,1.0009293680297466
232,0.026879,51.304494,0.0446544,51.3160438,375.7,True,4084.6579722363967,4084.6579722363967,-1.0,-1.0,-1,-1,0.0
233,0.083318,51.377186,0.089119,51.373289,197.9,True,4094.4573809545914,4094.4573809545914,4383.9,4584.0,289.44261904540826,200.10000000000036,1.0111167256190012
234,0.060754,51.386096,0.089119,51.373289,483.4,True,4113.736625690118,4113.736625690118,4639.1,5177.2,525.3633743098826,538.0999999999995,1.1131568059577979
235,0.110779,51.368477,0.0768281,51.3675026,420.3,True,4115.285227723806,4115.285227723806,4509.8,4932.1,394.514772276194,422.3000000000002,1.0047585058291701
236,0.03443,51.393481,0.089119,51.373289,697.2,True,4133.11481839412,4133.11481839412,4664.0,5437.5,530.8851816058796,773.5,1.109437751004016
237,0.106956,51.42497,0.089119,51.373289,703.2,True,4150.979161153705,4150.979161153705,4528.9,5232.0,377.9208388462948,703.1000000000004,0.9998577929465307
238,0.065821,51.38644,0.089119,51.373289,434.6,True,4155.191634549797,4155.191634549797,4669.5,5107.6,514.3083654502034,438.10000000000036,1.0080533824206175
239,0.055746,51.368843,0.0642051,51.3653124,165.2,True,4162.43881257854,4162.43881257854,4494.3,4660.6,331.8611874214603,166.30000000000018,1.0066585956416476
240,0.056907,51.40763,0.089119,51.373289,661.8,True,4174.389596913334,4174.389596913334,4283.1,5177.2,108.7104030866667,894.0999999999995,1.3510123904502864
241,0.125886,51.393301,0.089119,51.373289,567.8,True,4177.833604131497,4177.833604131497,4735.3,5521.9,557.4663958685032,786.5999999999995,1.3853469531525175
242,0.116473,51.377717,0.089119,51.373289,360.1,True,4193.834251431623,4193.834251431623,4528.3,4888.4,334.4657485683774,360.09999999999945,0.9999999999999984
243,0.058666,51.382876,0.0642903,51.3653719,528.5,True,4218.317965700469,4218.317965700469,4755.5,5392.4,537.1820342995306,636.8999999999996,1.2051087984862812
244,0.06687,51.385833,0.1223012,51.4189478,723.8,True,4230.307968066639,4230.307968066639,4736.4,5456.7,506.0920319333609,720.3000000000002,0.9951644100580274
245,0.081242,51.369685,0.0915274,51.360632,241.7,True,4232.879398960032,4232.879398960032,4433.7,4675.9,200.8206010399681,242.19999999999982,1.002068680182043
246,0.105571,51.360792,0.089119,51.373289,289.9,True,4250.534768893263,4250.534768893263,4694.2,4984.1,443.6652311067364,289.90000000000055,1.000000000000002
247,0.081401,51.388653,0.0675172,51.3832604,222.4,True,4259.894926550357,4259.894926550357,4708.1,4930.5,448.20507344964335,222.39999999999964,0.9999999999999983
248,0.089883,51.405419,0.089119,51.373289,525.2,True,4266.86516332787,4266.86516332787,4770.5,5295.6,503.6348366721304,525.1000000000004,0.9998095963442504
249,0.110779,51.368477,0.0768281,51.3675026,420.3,True,4274.757207945086,4274.757207945086,4857.8,5279.2,583.0427920549146,421.39999999999964,1.0026171782060425
250,0.128851,51.418374,0.089119,51.373289,740,True,4292.177204661506,4292.177204661506,4478.9,5429.0,186.7227953384936,950.1000000000004,1.2839189189189195
251,0.057351,51.368597,0.0697438,51.3590911,172.7,True,4295.5697263472985,4295.5697263472985,4456.5,4685.3,160.93027365270154,228.80000000000018,1.3248407643312112
252,0.077315,51.418199,0.089119,51.373289,667.2,True,4301.504419157155,4301.504419157155,4842.7,5586.3,541.1955808428447,743.6000000000004,1.114508393285372
253,0.107453,51.361522,0.089119,51.373289,321.8,True,4326.399788226653,4326.399788226653,4422.8,4744.6,96.40021177334711,321.8000000000002,1.0000000000000004
254,0.014672,51.374982,0.089119,51.373289,627.8,True,4342.635768970854,4342.635768970854,4683.1,5367.8,340.4642310291465,684.6999999999998,1.0906339598598278
255,0.103026,51.372833,0.089119,51.373289,153.7,True,4352.526858419087,4352.526858419087,4668.8,4822.5,316.27314158091303,153.69999999999982,0.9999999999999989
256,0.083584,51.362733,0.089119,51.373289,243.7,True,4353.249444134392,4353.249444134392,4676.8,4922.4,323.55055586560775,245.59999999999945,1.0077964710709868
257,0.0626,51.384908,0.089119,51.373289,484.7,True,4361.67333340087,4361.67333340087,4845.9,5475.1,484.2266665991292,629.2000000000007,1.2981225500309486
258,0.081023,51.383245,0.089119,51.373289,313.1,True,4376.600668400685,4376.600668400685,4544.6,4861.2,167.99933159931516,316.59999999999945,1.0111785372085578
259,0.108988,51.401651,0.089119,51.373289,539.9,True,4412.227059974284,4412.227059974284,4583.9,5123.8,171.67294002571543,539.9000000000005,1.000000000000001
260,0.123185,51.394803,0.089119,51.373289,548.4,True,4412.236472185752,4412.236472185752,4972.3,5677.7,560.0635278142481,705.3999999999996,1.2862873814733764
261,0.072298,51.410093,0.1116723,51.4070349,390.8,True,4413.815144056696,4413.815144056696,4626.8,5211.1,212.98485594330396,584.3000000000002,1.4951381780962134
262,0.064314,51.361332,0.089119,51.373289,300.8,True,4455.618950329573,4455.618950329573,4936.0,5236.8,480.3810496704273,300.8000000000002,1.0000000000000007
263,0.097232,51.361763,0.089119,51.373289,288.2,True,4458.6548450436985,4458.6548450436985,4750.3,5038.5,291.64515495630167,288.1999999999998,0.9999999999999994
264,0.017632,51.376132,0.089119,51.373289,601.6,True,4462.876385005315,4462.876385005315,4709.400000000001,5367.8,246.5236149946859,658.3999999999996,1.0944148936170206
265,0.070147,51.37418,0.0608224,51.385805,417,True,4465.987583888998,4465.987583888998,4856.9,5273.9,390.9124161110012,417.0,1.0
266,0.069183,51.362918,0.101562,51.3779389,381.2,True,4482.516532679825,4482.516532679825,5029.6,5604.7,547.0834673201753,575.0999999999995,1.5086568730325274
267,0.040067,51.374136,0.089119,51.373289,501.6,True,4505.899911939424,4505.899911939424,4847.5,5349.1,341.6000880605761,501.60000000000036,1.0000000000000007
268,0.12821,51.418646,0.1228166,51.412511,181,True,4510.80163933707,4510.80163933707,4562.9,4743.9,52.098360662929736,181.0,1.0
269,0.078346,51.377187,0.089119,51.373289,224.2,True,4518.896484084979,4518.896484084979,4790.3,5014.5,271.40351591502076,224.19999999999982,0.9999999999999992
270,0.113396,51.411691,0.089119,51.373289,590.9,True,4525.465908993063,4525.465908993063,4941.4,5694.4,415.9340910069368,753.0,1.2743272973430362
271,0.098324,51.394362,0.1276242,51.3577133,490.8,True,4527.918770692824,4527.918770692824,4968.7,5459.5,440.78122930717564,490.8000000000002,1.0000000000000004
272,0.06353,51.369069,0.089119,51.373289,313.1,True,4545.065615990641,4545.065615990641,4804.8,5117.9,259.734384009359,313.09999999999945,0.9999999999999982
273,0.085722,51.359202,0.089119,51.373289,275.9,True,4552.061139072777,4552.061139072777,4851.0,5127.0,298.9388609272228,276.0,1.0003624501631025
274,0.084835,51.39105,0.089119,51.373289,396.2,True,4562.02222876659,4562.02222876659,5019.9,5416.1,457.8777712334095,396.2000000000007,1.0000000000000018
275,0.056691,51.3718,0.089119,51.373289,363.7,True,4562.467885691784,4562.467885691784,5016.8,5380.5,454.33211430821575,363.6999999999998,0.9999999999999996
276,0.101489,51.354753,0.1010136,51.377331,489,True,4565.590173787352,4565.590173787352,4851.2,5340.2,285.60982621264793,489.0,1.0
277,0.062763,51.371162,0.0739779,51.3586154,248.3,True,4567.6387106619095,4567.6387106619095,5062.6,5309.2,494.96128933809086,246.59999999999945,0.9931534434152213
278,0.035739,51.312383,0.089119,51.373289,1025.3,True,4579.779962018711,4579.779962018711,5114.0,6591.8,534.2200379812894,1477.8000000000002,1.4413342436360093
279,0.09865,51.363574,0.089119,51.373289,203.6,True,4608.311186297981,4608.311186297981,4780.5,4984.1,172.1888137020187,203.60000000000036,1.0000000000000018
280,0.107068,51.363708,0.089119,51.373289,298,True,4623.63382982344,4623.63382982344,5129.1,5428.1,505.4661701765608,299.0,1.0033557046979866
281,0.033938,51.311015,0.089119,51.373289,1007.8,True,4639.441446480616,4639.441446480616,5152.7,6591.8,513.2585535193839,1439.1000000000004,1.4279618972018262
282,0.089173,51.418605,0.0961773,51.3880786,441.5,True,4663.383517404256,4663.383517404256,-1.0,-1.0,-1,-1,0.0
283,0.085727,51.359183,0.0668773,51.3665868,315.2,True,4726.669729506297,4726.669729506297,5174.8,5490.0,448.1302704937034,315.1999999999998,0.9999999999999994
284,0.076195,51.379155,0.1174823,51.4047376,621.1,True,4801.53232690684,4801.53232690684,4915.4,5794.1,113.86767309315928,878.7000000000007,1.4147480276928042
285,0.06507,51.373146,0.0914641,51.3606226,375.9,True,4818.953751804654,4818.953751804654,5103.4,5598.8,284.446248195346,495.40000000000055,1.3179036977919676
286,0.114783,51.420285,0.0793253,51.4143855,263.5,True,4820.89270415249,4820.89270415249,5359.8,5623.3,538.9072958475099,263.5,1.0
287,0.11512,51.387694,0.08305,51.4142388,517.1,True,4822.434211844842,4822.434211844842,5296.6,5808.6,474.1657881551582,512.0,0.9901373041964803
288,0.098577,51.363592,0.089119,51.373289,203.2,True,4839.800540015176,4839.800540015176,5413.9,5617.1,574.0994599848236,203.20000000000073,1.0000000000000036
289,0.116473,51.377717,0.089119,51.373289,360.1,True,4868.628034592921,4868.628034592921,5161.7,5521.9,293.071965407079,360.1999999999998,1.000277700638711
290,0.096651,51.363596,0.089119,51.373289,247.1,True,4880.614987492386,4880.614987492386,5098.8,5345.9,218.18501250761437,247.09999999999945,0.9999999999999978
291,0.072845,51.410882,0.090078,51.388849,257.5,True,4931.387130521019,4931.387130521019,4996.8,5254.3,65.41286947898152,257.5,1.0
292,0.066862,51.359202,0.0416242,51.3144425,713.4,True,4936.328018881141,4936.328018881141,5364.7,6078.1,428.37198111885846,713.4000000000005,1.0000000000000009
293,0.103234,51.384592,0.1179406,51.4160227,506.3,True,4939.819498290765,4939.819498290765,5381.5,5887.8,441.6805017092347,506.3000000000002,1.0000000000000004
294,0.075669,51.394727,0.089119,51.373289,454.3,True,4956.323044197077,4956.323044197077,5533.2,6152.1,576.8769558029226,618.9000000000005,1.3623156504512448
295,0.080375,51.376126,0.0236136,51.3291915,756.5,True,4966.5765288936245,4966.5765288936245,5140.8,6019.0,174.22347110637565,878.1999999999998,1.1608724388631855
296,0.070814,51.386112,0.089119,51.373289,388.8,True,4986.01898419572,4986.01898419572,5086.3,5475.1,100.28101580428029,388.8000000000002,1.0000000000000004
297,0.044564,51.316147,0.0247402,51.3193613,256.7,True,4987.271445698743,4987.271445698743,5325.7,5632.6,338.42855430125655,306.90000000000055,1.1955590183093125
298,0.106611,51.373122,0.0990225,51.3759146,152.3,True,4988.872128439912,4988.872128439912,5199.4,5351.7,210.527871560088,152.30000000000018,1.000000000000001
299,0.056637,51.411386,0.0569894,51.4065875,76.3,True,5001.094874657652,5001.094874657652,-1.0,-1.0,-1,-1,0.0
300,0.064314,51.361332,0.089119,51.373289,300.8,True,5001.647191680589,5001.647191680589,5136.7,5437.5,135.05280831941127,300.8000000000002,1.0000000000000007
301,0.015889,51.372543,0.089119,51.373289,596.6,True,5019.00443561307,5019.00443561307,5611.7,6316.6,592.6955643869296,704.9000000000005,1.1815286624203831
302,0.098736,51.405505,0.1018112,51.3765605,550.3,True,5021.4662806883025,5021.4662806883025,5557.2,6113.8,535.7337193116973,556.6000000000004,1.011448300926768
303,0.057739,51.401956,0.0580499,51.3889274,208.6,True,5030.881725131091,5030.881725131091,5596.0,5807.9,565.1182748689089,211.89999999999964,1.0158197507190778
304,0.138205,51.357036,0.0595359,51.3657969,711.5,True,5033.286105194835,5033.286105194835,5541.6,6256.8,508.31389480516555,715.1999999999998,1.0052002810962752
305,0.079482,51.386796,0.089119,51.373289,371.2,True,5124.021984562559,5124.021984562559,5684.0,6059.5,559.9780154374412,375.5,1.011584051724138
306,0.081132,51.369741,0.089119,51.373289,170.9,True,5124.173608109501,5124.173608109501,5257.5,5428.4,133.3263918904986,170.89999999999964,0.9999999999999979
307,0.111643,51.392056,0.089119,51.373289,364.8,True,5164.404735209266,5164.404735209266,5329.6,5694.4,165.19526479073465,364.7999999999993,0.999999999999998
308,0.114783,51.420285,0.0793253,51.4143855,263.5,True,5165.359153823299,5165.359153823299,5566.8,5829.4,401.4408461767016,262.59999999999945,0.9965844402277019
309,0.125071,51.395588,0.0347314,51.3865732,879.8,True,5167.3797906585205,5167.3797906585205,5745.6,6964.9,578.2202093414799,1219.2999999999993,1.385883155262559
310,0.117875,51.383921,0.089119,51.373289,395.6,True,5183.425655871304,5183.425655871304,5282.1,5677.7,98.67434412869625,395.59999999999945,0.9999999999999986
311,0.096927,51.362683,0.089119,51.373289,245.7,True,5185.3647771405585,5185.3647771405585,5436.3,5682.0,250.93522285944164,245.69999999999982,0.9999999999999993
312,0.045884,51.306573,0.089119,51.373289,1070.1,True,5212.871085616203,5212.871085616203,-1.0,-1.0,-1,-1,0.0
313,0.114147,51.387143,0.0553603,51.3659922,605.2,True,5227.325855951624,5227.325855951624,5644.9,6250,417.5741440483753,605.1000000000004,0.9998347653668214
314,0.086248,51.374171,0.1077191,51.3659631,269,True,5246.729393667447,5246.729393667447,5715.0,5984.5,468.27060633255314,269.5,1.0018587360594795
315,0.08289,51.366497,0.089119,51.373289,154.6,True,5252.437761315648,5252.437761315648,5772.5,5976.6,520.0622386843525,204.10000000000036,1.3201811125485148
316,0.096651,51.363596,0.089119,51.373289,247.1,True,5257.920918924457,5257.920918924457,5588.4,5835.5,330.47908107554304,247.10000000000036,1.0000000000000016
317,0.070903,51.368721,0.0649659,51.3603708,168.9,True,5272.282965715767,5272.282965715767,5660.1,5833.9,387.81703428423316,173.79999999999927,1.0290112492599128
318,0.035739,51.312383,0.089119,51.373289,1025.3,True,5286.877963585284,5286.877963585284,5471.5,6591.8,184.6220364147157,1120.3000000000002,1.092655808056179
319,0.068863,51.363587,0.089119,51.373289,335.1,True,5330.895812434825,5330.895812434825,5732.9,6068.0,402.004187565175,335.10000000000036,1.000000000000001
320,0.065003,51.405975,0.089119,51.373289,689.1,True,5346.053776613996,5346.053776613996,5760.4,6451.5,414.34622338600366,691.1000000000004,1.002902336380787
321,0.094398,51.320556,0.1107583,51.3684616,787.7,True,5365.61771042138,5365.61771042138,-1.0,-1.0,-1,-1,0.0
